Time,Header.seq,Header.stamp.secs,Header.stamp.nsecs,Header.frame_id,Latitude,Longitude,Altitude,HDOP,UTM_easting,UTM_northing,UTC,Zone,Letter
1675632271.2640698,0,77071,0,GPS1_FRAME,42.33668518066406,-71.09004211425781,1.2000000476837158,0.0,4689275.0,327819.6875,0.0,19,T
1675632272.264001,0,77072,0,GPS1_FRAME,42.33668518066406,-71.09004211425781,1.2000000476837158,0.0,4689275.0,327819.6875,0.0,19,T
1675632273.2627983,0,77073,0,GPS1_FRAME,42.33668518066406,-71.09004211425781,1.2000000476837158,0.0,4689275.0,327819.6875,0.0,19,T
1675632274.2633479,0,77074,0,GPS1_FRAME,42.33668518066406,-71.09004211425781,1.2000000476837158,0.0,4689275.0,327819.6875,0.0,19,T
1675632275.2605398,0,77075,0,GPS1_FRAME,42.33668518066406,-71.09004211425781,1.2999999523162842,0.0,4689275.0,327819.6875,0.0,19,T
1675632276.2615042,0,77076,0,GPS1_FRAME,42.33668518066406,-71.09004211425781,1.2999999523162842,0.0,4689275.0,327819.6875,0.0,19,T
1675632277.260852,0,77077,0,GPS1_FRAME,42.33668518066406,-71.09004211425781,1.2999999523162842,0.0,4689275.0,327819.6875,0.0,19,T
1675632278.2793531,0,77078,0,GPS1_FRAME,42.33668518066406,-71.09004211425781,1.2000000476837158,0.0,4689275.0,327819.6875,0.0,19,T
1675632279.2619565,0,77079,0,GPS1_FRAME,42.33668518066406,-71.09004211425781,1.2000000476837158,0.0,4689275.0,327819.6875,0.0,19,T
1675632280.2642524,0,77080,0,GPS1_FRAME,42.33668518066406,-71.09004211425781,1.2000000476837158,0.0,4689275.0,327819.6875,0.0,19,T
1675632281.2792976,0,77081,0,GPS1_FRAME,42.33668518066406,-71.09004211425781,1.2000000476837158,0.0,4689275.0,327819.6875,0.0,19,T
1675632282.2623656,0,77082,0,GPS1_FRAME,42.33668518066406,-71.09004211425781,1.2000000476837158,0.0,4689275.0,327819.6875,0.0,19,T
1675632283.2644458,0,77083,0,GPS1_FRAME,42.33668518066406,-71.09004211425781,1.2000000476837158,0.0,4689275.0,327819.6875,0.0,19,T
1675632284.2618315,0,77084,0,GPS1_FRAME,42.33668518066406,-71.09004211425781,1.2000000476837158,0.0,4689275.0,327819.6875,0.0,19,T
1675632285.2627952,0,77085,0,GPS1_FRAME,42.33668518066406,-71.09004211425781,1.2000000476837158,0.0,4689275.0,327819.6875,0.0,19,T
1675632286.263356,0,77086,0,GPS1_FRAME,42.33668518066406,-71.09004211425781,1.2000000476837158,0.0,4689275.0,327819.6875,0.0,19,T
1675632287.262561,0,77087,0,GPS1_FRAME,42.33668518066406,-71.09004211425781,1.2000000476837158,0.0,4689275.0,327819.6875,0.0,19,T
1675632288.263847,0,77088,0,GPS1_FRAME,42.33668518066406,-71.09004211425781,1.2000000476837158,0.0,4689275.0,327819.6875,0.0,19,T
1675632289.2637634,0,77089,0,GPS1_FRAME,42.33668518066406,-71.09004211425781,1.2000000476837158,0.0,4689275.0,327819.6875,0.0,19,T
1675632290.2632642,0,77090,0,GPS1_FRAME,42.33668518066406,-71.09004211425781,1.2000000476837158,0.0,4689275.0,327819.6875,0.0,19,T
1675632291.2633245,0,77091,0,GPS1_FRAME,42.33668518066406,-71.09004211425781,1.2000000476837158,0.0,4689275.0,327819.6875,0.0,19,T
1675632292.2634141,0,77092,0,GPS1_FRAME,42.33668518066406,-71.09004211425781,1.2000000476837158,0.0,4689275.0,327819.6875,0.0,19,T
1675632293.2621398,0,77093,0,GPS1_FRAME,42.33668518066406,-71.09004211425781,1.2000000476837158,0.0,4689275.0,327819.6875,0.0,19,T
1675632294.2616694,0,77094,0,GPS1_FRAME,42.33668518066406,-71.09004211425781,1.2000000476837158,0.0,4689275.0,327819.8125,0.0,19,T
1675632295.2641842,0,77095,0,GPS1_FRAME,42.33668518066406,-71.09004211425781,1.2000000476837158,0.0,4689275.0,327819.8125,0.0,19,T
1675632296.2634816,0,77096,0,GPS1_FRAME,42.33668518066406,-71.09004211425781,1.2000000476837158,0.0,4689275.0,327819.8125,0.0,19,T
1675632297.2788568,0,77097,0,GPS1_FRAME,42.33668518066406,-71.09004211425781,1.2000000476837158,0.0,4689275.0,327819.8125,0.0,19,T
1675632298.262827,0,77098,0,GPS1_FRAME,42.33668518066406,-71.09004211425781,1.2000000476837158,0.0,4689275.0,327819.8125,0.0,19,T
1675632299.263477,0,77099,0,GPS1_FRAME,42.33668518066406,-71.09004211425781,1.2000000476837158,0.0,4689275.0,327819.8125,0.0,19,T
1675632300.2626076,0,77100,0,GPS1_FRAME,42.33668518066406,-71.09004211425781,1.2000000476837158,0.0,4689275.0,327819.8125,0.0,19,T
1675632301.2631338,0,77101,0,GPS1_FRAME,42.33668518066406,-71.09004211425781,1.2000000476837158,0.0,4689275.0,327819.8125,0.0,19,T
1675632302.2627296,0,77102,0,GPS1_FRAME,42.33668518066406,-71.09004211425781,1.2000000476837158,0.0,4689275.0,327819.8125,0.0,19,T
1675632303.261926,0,77103,0,GPS1_FRAME,42.33668518066406,-71.09004211425781,1.2000000476837158,0.0,4689275.0,327819.8125,0.0,19,T
1675632304.2635221,0,77104,0,GPS1_FRAME,42.33668518066406,-71.09004211425781,1.2000000476837158,0.0,4689275.0,327819.8125,0.0,19,T
1675632305.2624862,0,77105,0,GPS1_FRAME,42.33668518066406,-71.09004211425781,1.2000000476837158,0.0,4689275.0,327819.6875,0.0,19,T
1675632306.2618701,0,77106,0,GPS1_FRAME,42.33668518066406,-71.09004211425781,1.2000000476837158,0.0,4689275.0,327819.6875,0.0,19,T
1675632307.2636266,0,77107,0,GPS1_FRAME,42.33668518066406,-71.09004211425781,1.2000000476837158,0.0,4689275.0,327819.6875,0.0,19,T
1675632308.2617705,0,77108,0,GPS1_FRAME,42.33668518066406,-71.09004211425781,1.2000000476837158,0.0,4689275.0,327819.6875,0.0,19,T
1675632309.262131,0,77109,0,GPS1_FRAME,42.33668518066406,-71.09004211425781,1.2000000476837158,0.0,4689275.0,327819.6875,0.0,19,T
1675632310.263184,0,77110,0,GPS1_FRAME,42.33668518066406,-71.09004211425781,1.2000000476837158,0.0,4689275.0,327819.6875,0.0,19,T
1675632311.2627225,0,77111,0,GPS1_FRAME,42.33668518066406,-71.09004211425781,1.2000000476837158,0.0,4689275.0,327819.6875,0.0,19,T
1675632312.2620342,0,77112,0,GPS1_FRAME,42.33668518066406,-71.09004211425781,1.2000000476837158,0.0,4689275.0,327819.6875,0.0,19,T
1675632313.2628033,0,77113,0,GPS1_FRAME,42.33668518066406,-71.09004211425781,1.2000000476837158,0.0,4689275.0,327819.6875,0.0,19,T
1675632314.2611656,0,77114,0,GPS1_FRAME,42.33668518066406,-71.09004211425781,1.2000000476837158,0.0,4689275.0,327819.6875,0.0,19,T
1675632315.2621574,0,77115,0,GPS1_FRAME,42.33668518066406,-71.09004211425781,1.2000000476837158,0.0,4689275.0,327819.6875,0.0,19,T
1675632316.2626877,0,77116,0,GPS1_FRAME,42.33668518066406,-71.09004211425781,1.2000000476837158,0.0,4689275.0,327819.6875,0.0,19,T
1675632317.2628438,0,77117,0,GPS1_FRAME,42.33668518066406,-71.09004211425781,1.2000000476837158,0.0,4689275.0,327819.6875,0.0,19,T
1675632318.2627606,0,77118,0,GPS1_FRAME,42.33668518066406,-71.09004211425781,1.2000000476837158,0.0,4689275.0,327819.6875,0.0,19,T
1675632319.2640023,0,77119,0,GPS1_FRAME,42.33668518066406,-71.09004211425781,1.2000000476837158,0.0,4689275.0,327819.6875,0.0,19,T
1675632320.2631218,0,77120,0,GPS1_FRAME,42.33668518066406,-71.09004211425781,1.2000000476837158,0.0,4689275.0,327819.6875,0.0,19,T
1675632321.2607162,0,77121,0,GPS1_FRAME,42.33668518066406,-71.09004211425781,1.2000000476837158,0.0,4689275.0,327819.6875,0.0,19,T
1675632322.2627544,0,77122,0,GPS1_FRAME,42.33668518066406,-71.09004211425781,1.2000000476837158,0.0,4689275.0,327819.8125,0.0,19,T
1675632323.2623339,0,77123,0,GPS1_FRAME,42.33668518066406,-71.09004211425781,1.2000000476837158,0.0,4689275.0,327819.8125,0.0,19,T
1675632324.260149,0,77124,0,GPS1_FRAME,42.33668518066406,-71.09004211425781,1.2999999523162842,0.0,4689275.0,327819.8125,0.0,19,T
1675632325.261242,0,77125,0,GPS1_FRAME,42.33668518066406,-71.09003448486328,1.2999999523162842,0.0,4689275.0,327819.96875,0.0,19,T
1675632326.263439,0,77126,0,GPS1_FRAME,42.33668518066406,-71.09003448486328,1.2000000476837158,0.0,4689275.0,327819.96875,0.0,19,T
1675632327.2620568,0,77127,0,GPS1_FRAME,42.33668518066406,-71.09003448486328,1.2000000476837158,0.0,4689275.0,327819.96875,0.0,19,T
1675632328.2791586,0,77128,0,GPS1_FRAME,42.33668518066406,-71.09003448486328,1.2000000476837158,0.0,4689275.0,327819.96875,0.0,19,T
1675632329.262148,0,77129,0,GPS1_FRAME,42.33668518066406,-71.09003448486328,1.2000000476837158,0.0,4689275.0,327819.96875,0.0,19,T
1675632330.2623582,0,77130,0,GPS1_FRAME,42.33668518066406,-71.09003448486328,1.2000000476837158,0.0,4689275.0,327819.96875,0.0,19,T
1675632331.2790208,0,77131,0,GPS1_FRAME,42.33668518066406,-71.09003448486328,1.2000000476837158,0.0,4689275.0,327819.96875,0.0,19,T
1675632332.2617364,0,77132,0,GPS1_FRAME,42.33668518066406,-71.09003448486328,1.2000000476837158,0.0,4689275.0,327820.21875,0.0,19,T
1675632333.2618356,0,77133,0,GPS1_FRAME,42.33668518066406,-71.09003448486328,1.2000000476837158,0.0,4689275.0,327820.21875,0.0,19,T
1675632334.2608569,0,77134,0,GPS1_FRAME,42.33668518066406,-71.09003448486328,1.2000000476837158,0.0,4689275.0,327820.375,0.0,19,T
1675632335.2613547,0,77135,0,GPS1_FRAME,42.33668518066406,-71.09003448486328,1.2000000476837158,0.0,4689275.0,327820.375,0.0,19,T
1675632336.261396,0,77136,0,GPS1_FRAME,42.33668899536133,-71.09002685546875,1.2000000476837158,0.0,4689275.0,327820.5,0.0,19,T
1675632337.262898,0,77137,0,GPS1_FRAME,42.33668899536133,-71.09002685546875,1.2000000476837158,0.0,4689275.0,327820.5,0.0,19,T
1675632338.2608285,0,77138,0,GPS1_FRAME,42.33668899536133,-71.09002685546875,1.2000000476837158,0.0,4689275.0,327820.5,0.0,19,T
1675632339.261916,0,77139,0,GPS1_FRAME,42.33668899536133,-71.09002685546875,1.2000000476837158,0.0,4689275.0,327820.5,0.0,19,T
1675632340.2604623,0,77140,0,GPS1_FRAME,42.33668899536133,-71.09002685546875,1.2999999523162842,0.0,4689275.0,327820.5,0.0,19,T
1675632341.2598512,0,77141,0,GPS1_FRAME,42.33668899536133,-71.09002685546875,1.2999999523162842,0.0,4689275.0,327820.5,0.0,19,T
1675632342.2605028,0,77142,0,GPS1_FRAME,42.33668899536133,-71.09002685546875,1.2999999523162842,0.0,4689275.0,327820.5,0.0,19,T
1675632343.2639532,0,77143,0,GPS1_FRAME,42.33668899536133,-71.09002685546875,1.2000000476837158,0.0,4689275.0,327820.5,0.0,19,T
1675632344.2633522,0,77144,0,GPS1_FRAME,42.33668899536133,-71.09002685546875,1.2000000476837158,0.0,4689275.0,327820.5,0.0,19,T
1675632345.2618241,0,77145,0,GPS1_FRAME,42.33668899536133,-71.09002685546875,1.2000000476837158,0.0,4689275.0,327820.5,0.0,19,T
1675632346.261977,0,77146,0,GPS1_FRAME,42.33668899536133,-71.09002685546875,1.2000000476837158,0.0,4689275.0,327820.5,0.0,19,T
1675632347.2797122,0,77147,0,GPS1_FRAME,42.33668899536133,-71.09002685546875,1.2000000476837158,0.0,4689275.0,327820.5,0.0,19,T
1675632348.262452,0,77148,0,GPS1_FRAME,42.33668899536133,-71.09002685546875,1.2000000476837158,0.0,4689275.0,327820.5,0.0,19,T
1675632349.2631164,0,77149,0,GPS1_FRAME,42.33668899536133,-71.09002685546875,1.2000000476837158,0.0,4689275.0,327820.65625,0.0,19,T
1675632350.262523,0,77150,0,GPS1_FRAME,42.33668899536133,-71.09002685546875,1.2000000476837158,0.0,4689275.0,327820.5,0.0,19,T
1675632351.2638729,0,77151,0,GPS1_FRAME,42.33668899536133,-71.09002685546875,1.2000000476837158,0.0,4689275.0,327820.5,0.0,19,T
1675632352.2676036,0,77152,0,GPS1_FRAME,42.33668899536133,-71.09002685546875,1.2000000476837158,0.0,4689275.0,327820.5,0.0,19,T
1675632353.2604883,0,77153,0,GPS1_FRAME,42.33668899536133,-71.09002685546875,1.2999999523162842,0.0,4689275.0,327820.5,0.0,19,T
1675632354.2600682,0,77154,0,GPS1_FRAME,42.33668899536133,-71.09002685546875,1.2999999523162842,0.0,4689275.0,327820.65625,0.0,19,T
1675632355.261334,0,77155,0,GPS1_FRAME,42.33668899536133,-71.09002685546875,1.2999999523162842,0.0,4689275.0,327820.65625,0.0,19,T
1675632356.2627506,0,77156,0,GPS1_FRAME,42.33668899536133,-71.09002685546875,1.2000000476837158,0.0,4689275.0,327820.65625,0.0,19,T
1675632357.2617054,0,77157,0,GPS1_FRAME,42.33668899536133,-71.09002685546875,1.2000000476837158,0.0,4689275.0,327820.65625,0.0,19,T
1675632358.2624722,0,77158,0,GPS1_FRAME,42.33668899536133,-71.09002685546875,1.2000000476837158,0.0,4689275.0,327820.65625,0.0,19,T
1675632359.2605968,0,77159,0,GPS1_FRAME,42.33668899536133,-71.09002685546875,1.2999999523162842,0.0,4689275.0,327820.65625,0.0,19,T
1675632360.2604196,0,77160,0,GPS1_FRAME,42.33668899536133,-71.09002685546875,1.2999999523162842,0.0,4689275.0,327820.65625,0.0,19,T
1675632361.2600076,0,77161,0,GPS1_FRAME,42.33668899536133,-71.09002685546875,1.2999999523162842,0.0,4689275.0,327820.65625,0.0,19,T
1675632362.2598574,0,77162,0,GPS1_FRAME,42.33668899536133,-71.09002685546875,1.2999999523162842,0.0,4689275.0,327820.65625,0.0,19,T
1675632363.260671,0,77163,0,GPS1_FRAME,42.33668899536133,-71.09002685546875,1.2999999523162842,0.0,4689275.0,327820.65625,0.0,19,T
1675632364.2602205,0,77164,0,GPS1_FRAME,42.33668899536133,-71.09002685546875,1.2999999523162842,0.0,4689275.0,327820.65625,0.0,19,T
1675632365.2594745,0,77165,0,GPS1_FRAME,42.33668899536133,-71.09002685546875,1.2999999523162842,0.0,4689275.0,327820.65625,0.0,19,T
1675632366.259824,0,77166,0,GPS1_FRAME,42.33668899536133,-71.09002685546875,1.2999999523162842,0.0,4689275.0,327820.65625,0.0,19,T
1675632367.2606742,0,77167,0,GPS1_FRAME,42.33668899536133,-71.09002685546875,1.2999999523162842,0.0,4689275.0,327820.65625,0.0,19,T
1675632368.2616205,0,77168,0,GPS1_FRAME,42.33668899536133,-71.09002685546875,1.2000000476837158,0.0,4689275.0,327820.65625,0.0,19,T
1675632369.2614539,0,77169,0,GPS1_FRAME,42.33668518066406,-71.09002685546875,1.2999999523162842,0.0,4689275.0,327820.5,0.0,19,T
1675632370.262275,0,77170,0,GPS1_FRAME,42.33668518066406,-71.09002685546875,1.2999999523162842,0.0,4689275.0,327820.5,0.0,19,T
1675632371.26143,0,77171,0,GPS1_FRAME,42.33668518066406,-71.09002685546875,1.2999999523162842,0.0,4689275.0,327820.5,0.0,19,T
1675632372.2614362,0,77172,0,GPS1_FRAME,42.33668518066406,-71.09002685546875,1.2999999523162842,0.0,4689275.0,327820.5,0.0,19,T
1675632373.2617438,0,77173,0,GPS1_FRAME,42.33668518066406,-71.09002685546875,1.2999999523162842,0.0,4689275.0,327820.5,0.0,19,T
1675632374.260082,0,77174,0,GPS1_FRAME,42.33668518066406,-71.09002685546875,1.2999999523162842,0.0,4689275.0,327820.5,0.0,19,T
1675632375.2600791,0,77175,0,GPS1_FRAME,42.33668518066406,-71.09002685546875,1.2999999523162842,0.0,4689275.0,327820.5,0.0,19,T
1675632376.2605915,0,77176,0,GPS1_FRAME,42.33668518066406,-71.09002685546875,1.2999999523162842,0.0,4689275.0,327820.5,0.0,19,T
1675632377.259636,0,77177,0,GPS1_FRAME,42.33668518066406,-71.09002685546875,1.2999999523162842,0.0,4689275.0,327820.5,0.0,19,T
1675632378.2598407,0,77178,0,GPS1_FRAME,42.33668518066406,-71.09002685546875,1.2999999523162842,0.0,4689275.0,327820.5,0.0,19,T
1675632379.2759714,0,77179,0,GPS1_FRAME,42.33668518066406,-71.09002685546875,1.2999999523162842,0.0,4689275.0,327820.5,0.0,19,T
1675632380.2597165,0,77180,0,GPS1_FRAME,42.33668518066406,-71.09002685546875,1.2999999523162842,0.0,4689275.0,327820.5,0.0,19,T
1675632381.2591455,0,77181,0,GPS1_FRAME,42.33668518066406,-71.09003448486328,1.2999999523162842,0.0,4689275.0,327820.375,0.0,19,T
1675632382.2766628,0,77182,0,GPS1_FRAME,42.33668518066406,-71.09003448486328,1.2999999523162842,0.0,4689275.0,327820.375,0.0,19,T
1675632383.2593517,0,77183,0,GPS1_FRAME,42.33668518066406,-71.09003448486328,1.2999999523162842,0.0,4689275.0,327820.375,0.0,19,T
1675632384.259026,0,77184,0,GPS1_FRAME,42.33668518066406,-71.09003448486328,1.2999999523162842,0.0,4689274.5,327820.21875,0.0,19,T
1675632385.261054,0,77185,0,GPS1_FRAME,42.33668518066406,-71.09003448486328,1.2999999523162842,0.0,4689274.5,327820.21875,0.0,19,T
1675632386.259041,0,77186,0,GPS1_FRAME,42.33668518066406,-71.09003448486328,1.2999999523162842,0.0,4689274.5,327820.21875,0.0,19,T
1675632387.259397,0,77187,0,GPS1_FRAME,42.33668518066406,-71.09003448486328,1.2999999523162842,0.0,4689274.5,327820.09375,0.0,19,T
1675632388.2605386,0,77188,0,GPS1_FRAME,42.33668518066406,-71.09003448486328,1.2999999523162842,0.0,4689274.5,327820.09375,0.0,19,T
1675632389.2610435,0,77189,0,GPS1_FRAME,42.33668518066406,-71.09003448486328,1.2999999523162842,0.0,4689274.5,327819.96875,0.0,19,T
1675632390.2593365,0,77190,0,GPS1_FRAME,42.33668518066406,-71.09003448486328,1.2999999523162842,0.0,4689274.5,327819.96875,0.0,19,T
1675632391.2605443,0,77191,0,GPS1_FRAME,42.33668518066406,-71.09003448486328,1.2999999523162842,0.0,4689274.5,327819.96875,0.0,19,T
1675632392.2596033,0,77192,0,GPS1_FRAME,42.33668518066406,-71.09003448486328,1.2999999523162842,0.0,4689274.5,327819.96875,0.0,19,T
1675632393.259582,0,77193,0,GPS1_FRAME,42.33668518066406,-71.09003448486328,1.2999999523162842,0.0,4689274.5,327819.96875,0.0,19,T
1675632394.2591188,0,77194,0,GPS1_FRAME,42.33668518066406,-71.09003448486328,1.2999999523162842,0.0,4689274.5,327819.96875,0.0,19,T
1675632395.2595253,0,77195,0,GPS1_FRAME,42.33668518066406,-71.09003448486328,1.2999999523162842,0.0,4689274.5,327819.96875,0.0,19,T
1675632396.2597263,0,77196,0,GPS1_FRAME,42.33668518066406,-71.09003448486328,1.2999999523162842,0.0,4689274.5,327819.96875,0.0,19,T
1675632397.2793443,0,77197,0,GPS1_FRAME,42.33668518066406,-71.09003448486328,1.2999999523162842,0.0,4689274.5,327819.96875,0.0,19,T
1675632398.2609086,0,77198,0,GPS1_FRAME,42.33668518066406,-71.09003448486328,1.2999999523162842,0.0,4689274.5,327819.96875,0.0,19,T
1675632399.2617717,0,77199,0,GPS1_FRAME,42.33668518066406,-71.09003448486328,1.2999999523162842,0.0,4689274.5,327819.96875,0.0,19,T
1675632400.26185,0,77200,0,GPS1_FRAME,42.33668518066406,-71.09003448486328,1.2999999523162842,0.0,4689274.5,327819.96875,0.0,19,T
1675632401.261835,0,77201,0,GPS1_FRAME,42.33668518066406,-71.09003448486328,1.2999999523162842,0.0,4689274.5,327819.96875,0.0,19,T
1675632402.261341,0,77202,0,GPS1_FRAME,42.33668518066406,-71.09003448486328,1.2999999523162842,0.0,4689274.5,327819.96875,0.0,19,T
1675632403.2637322,0,77203,0,GPS1_FRAME,42.33668518066406,-71.09003448486328,1.2999999523162842,0.0,4689274.5,327819.96875,0.0,19,T
1675632404.2622347,0,77204,0,GPS1_FRAME,42.33668518066406,-71.09003448486328,1.2999999523162842,0.0,4689274.5,327819.96875,0.0,19,T
1675632405.262521,0,77205,0,GPS1_FRAME,42.33668518066406,-71.09003448486328,1.2999999523162842,0.0,4689274.5,327819.96875,0.0,19,T
1675632406.2614067,0,77206,0,GPS1_FRAME,42.33668518066406,-71.09003448486328,1.2999999523162842,0.0,4689274.5,327819.96875,0.0,19,T
1675632407.2619557,0,77207,0,GPS1_FRAME,42.33668518066406,-71.09003448486328,1.2999999523162842,0.0,4689274.5,327819.96875,0.0,19,T
1675632408.2616057,0,77208,0,GPS1_FRAME,42.33668518066406,-71.09003448486328,1.2999999523162842,0.0,4689274.5,327819.96875,0.0,19,T
1675632409.2630239,0,77209,0,GPS1_FRAME,42.33668518066406,-71.09003448486328,1.2999999523162842,0.0,4689274.5,327819.96875,0.0,19,T
1675632410.2625191,0,77210,0,GPS1_FRAME,42.33668518066406,-71.09003448486328,1.2999999523162842,0.0,4689274.5,327819.96875,0.0,19,T
1675632411.2619474,0,77211,0,GPS1_FRAME,42.33668518066406,-71.09003448486328,1.2999999523162842,0.0,4689274.5,327819.96875,0.0,19,T
1675632412.261697,0,77212,0,GPS1_FRAME,42.33668518066406,-71.09003448486328,1.2999999523162842,0.0,4689274.5,327819.96875,0.0,19,T
1675632413.2604077,0,77213,0,GPS1_FRAME,42.33668518066406,-71.09003448486328,1.2999999523162842,0.0,4689274.5,327819.96875,0.0,19,T
1675632414.2609787,0,77214,0,GPS1_FRAME,42.33668518066406,-71.09003448486328,1.2999999523162842,0.0,4689274.5,327819.96875,0.0,19,T
1675632415.2612062,0,77215,0,GPS1_FRAME,42.33668518066406,-71.09003448486328,1.2999999523162842,0.0,4689274.5,327819.96875,0.0,19,T
1675632416.260834,0,77216,0,GPS1_FRAME,42.33668518066406,-71.09003448486328,1.2999999523162842,0.0,4689274.5,327819.96875,0.0,19,T
1675632417.2611384,0,77217,0,GPS1_FRAME,42.33668518066406,-71.09003448486328,1.2999999523162842,0.0,4689274.5,327819.96875,0.0,19,T
1675632418.2624989,0,77218,0,GPS1_FRAME,42.33668518066406,-71.09003448486328,1.2999999523162842,0.0,4689274.5,327819.96875,0.0,19,T
1675632419.2622004,0,77219,0,GPS1_FRAME,42.33668518066406,-71.09003448486328,1.2999999523162842,0.0,4689274.5,327819.96875,0.0,19,T
1675632420.263163,0,77220,0,GPS1_FRAME,42.33668518066406,-71.09003448486328,1.2999999523162842,0.0,4689274.5,327819.96875,0.0,19,T
1675632421.2626927,0,77221,0,GPS1_FRAME,42.33668518066406,-71.09003448486328,1.2999999523162842,0.0,4689274.5,327819.96875,0.0,19,T
1675632422.2626002,0,77222,0,GPS1_FRAME,42.33668518066406,-71.09003448486328,1.2999999523162842,0.0,4689274.5,327819.96875,0.0,19,T
1675632423.2623775,0,77223,0,GPS1_FRAME,42.33668518066406,-71.09003448486328,1.2999999523162842,0.0,4689274.5,327819.96875,0.0,19,T
1675632424.2616298,0,77224,0,GPS1_FRAME,42.33668518066406,-71.09003448486328,1.2999999523162842,0.0,4689274.5,327819.96875,0.0,19,T
1675632425.2625985,0,77225,0,GPS1_FRAME,42.33668518066406,-71.09003448486328,1.2999999523162842,0.0,4689274.5,327819.96875,0.0,19,T
1675632426.263675,0,77226,0,GPS1_FRAME,42.33668518066406,-71.09003448486328,1.2999999523162842,0.0,4689274.5,327819.96875,0.0,19,T
1675632427.26358,0,77227,0,GPS1_FRAME,42.33668518066406,-71.09003448486328,1.2999999523162842,0.0,4689274.5,327819.96875,0.0,19,T
1675632428.2634466,0,77228,0,GPS1_FRAME,42.33668518066406,-71.09003448486328,1.2000000476837158,0.0,4689274.5,327819.96875,0.0,19,T
1675632429.278943,0,77229,0,GPS1_FRAME,42.33668518066406,-71.09003448486328,1.2000000476837158,0.0,4689274.5,327819.96875,0.0,19,T
1675632430.2639308,0,77230,0,GPS1_FRAME,42.33668518066406,-71.09003448486328,1.2000000476837158,0.0,4689274.5,327819.96875,0.0,19,T
1675632431.2630494,0,77231,0,GPS1_FRAME,42.33668518066406,-71.09003448486328,1.2000000476837158,0.0,4689274.5,327819.96875,0.0,19,T
1675632432.2795546,0,77232,0,GPS1_FRAME,42.33668518066406,-71.09003448486328,1.2000000476837158,0.0,4689274.5,327819.96875,0.0,19,T
1675632433.2645254,0,77233,0,GPS1_FRAME,42.33668518066406,-71.09003448486328,1.2000000476837158,0.0,4689274.5,327819.96875,0.0,19,T
1675632434.2619414,0,77234,0,GPS1_FRAME,42.33668518066406,-71.09003448486328,1.2000000476837158,0.0,4689274.5,327819.96875,0.0,19,T
1675632435.2640548,0,77235,0,GPS1_FRAME,42.33668518066406,-71.09003448486328,1.2000000476837158,0.0,4689274.5,327819.96875,0.0,19,T
1675632436.26346,0,77236,0,GPS1_FRAME,42.33668518066406,-71.09003448486328,1.2000000476837158,0.0,4689274.5,327819.96875,0.0,19,T
1675632437.2629156,0,77237,0,GPS1_FRAME,42.33668518066406,-71.09003448486328,1.2000000476837158,0.0,4689274.5,327819.96875,0.0,19,T
1675632438.2619233,0,77238,0,GPS1_FRAME,42.33668518066406,-71.09004211425781,1.2000000476837158,0.0,4689274.5,327819.8125,0.0,19,T
1675632439.2641423,0,77239,0,GPS1_FRAME,42.33668518066406,-71.09004211425781,1.2000000476837158,0.0,4689274.5,327819.8125,0.0,19,T
1675632440.263618,0,77240,0,GPS1_FRAME,42.33668518066406,-71.09004211425781,1.2000000476837158,0.0,4689275.0,327819.8125,0.0,19,T
1675632441.2632935,0,77241,0,GPS1_FRAME,42.33668518066406,-71.09004211425781,1.2000000476837158,0.0,4689275.0,327819.8125,0.0,19,T
1675632442.2629585,0,77242,0,GPS1_FRAME,42.33668518066406,-71.09004211425781,1.2000000476837158,0.0,4689275.0,327819.8125,0.0,19,T
1675632443.2630372,0,77243,0,GPS1_FRAME,42.33668518066406,-71.09004211425781,1.2000000476837158,0.0,4689275.0,327819.8125,0.0,19,T
1675632444.2638664,0,77244,0,GPS1_FRAME,42.33668518066406,-71.09004211425781,1.2000000476837158,0.0,4689275.0,327819.8125,0.0,19,T
1675632445.2642334,0,77245,0,GPS1_FRAME,42.33668518066406,-71.09004211425781,1.2000000476837158,0.0,4689275.0,327819.8125,0.0,19,T
1675632446.2611427,0,77246,0,GPS1_FRAME,42.33668899536133,-71.09004211425781,1.2000000476837158,0.0,4689275.0,327819.6875,0.0,19,T
1675632447.2618122,0,77247,0,GPS1_FRAME,42.33668899536133,-71.09004211425781,1.2999999523162842,0.0,4689275.0,327819.6875,0.0,19,T
1675632448.2781205,0,77248,0,GPS1_FRAME,42.33668899536133,-71.09004211425781,1.2999999523162842,0.0,4689275.0,327819.6875,0.0,19,T
1675632449.2605684,0,77249,0,GPS1_FRAME,42.33668899536133,-71.09004211425781,1.2999999523162842,0.0,4689275.0,327819.6875,0.0,19,T
1675632450.2610517,0,77250,0,GPS1_FRAME,42.33668899536133,-71.09004211425781,1.2999999523162842,0.0,4689275.0,327819.6875,0.0,19,T
1675632451.2607198,0,77251,0,GPS1_FRAME,42.33668899536133,-71.09004211425781,1.2999999523162842,0.0,4689275.0,327819.6875,0.0,19,T
1675632452.260319,0,77252,0,GPS1_FRAME,42.33668899536133,-71.09004211425781,1.2999999523162842,0.0,4689275.0,327819.6875,0.0,19,T
1675632453.2597291,0,77253,0,GPS1_FRAME,42.33668899536133,-71.09004211425781,1.2999999523162842,0.0,4689275.0,327819.6875,0.0,19,T
1675632454.2596776,0,77254,0,GPS1_FRAME,42.33668899536133,-71.09004211425781,1.2999999523162842,0.0,4689275.0,327819.6875,0.0,19,T
1675632455.2611537,0,77255,0,GPS1_FRAME,42.33668899536133,-71.09004211425781,1.2999999523162842,0.0,4689275.0,327819.6875,0.0,19,T
1675632456.2599037,0,77256,0,GPS1_FRAME,42.33668899536133,-71.09004211425781,1.2999999523162842,0.0,4689275.0,327819.5625,0.0,19,T
1675632457.261873,0,77257,0,GPS1_FRAME,42.33668899536133,-71.09004211425781,1.2999999523162842,0.0,4689275.0,327819.5625,0.0,19,T
1675632458.2622268,0,77258,0,GPS1_FRAME,42.33668899536133,-71.09004211425781,1.2000000476837158,0.0,4689275.0,327819.5625,0.0,19,T
1675632459.2636423,0,77259,0,GPS1_FRAME,42.33668899536133,-71.09004211425781,1.2000000476837158,0.0,4689275.0,327819.5625,0.0,19,T
1675632460.2637155,0,77260,0,GPS1_FRAME,42.33668899536133,-71.09004211425781,1.2000000476837158,0.0,4689275.0,327819.5625,0.0,19,T
1675632461.2631745,0,77261,0,GPS1_FRAME,42.33668899536133,-71.09004211425781,1.2000000476837158,0.0,4689275.0,327819.5625,0.0,19,T
1675632462.2627614,0,77262,0,GPS1_FRAME,42.33668899536133,-71.09004211425781,1.2000000476837158,0.0,4689275.0,327819.5625,0.0,19,T
1675632463.2637734,0,77263,0,GPS1_FRAME,42.33668899536133,-71.09004211425781,1.2000000476837158,0.0,4689275.0,327819.5625,0.0,19,T
1675632464.262414,0,77264,0,GPS1_FRAME,42.33668899536133,-71.09004211425781,1.2000000476837158,0.0,4689275.0,327819.5625,0.0,19,T
1675632465.2623584,0,77265,0,GPS1_FRAME,42.33668899536133,-71.09004211425781,1.2000000476837158,0.0,4689275.0,327819.5625,0.0,19,T
1675632466.262084,0,77266,0,GPS1_FRAME,42.33668899536133,-71.09004211425781,1.2000000476837158,0.0,4689275.0,327819.5625,0.0,19,T
1675632467.2628798,0,77267,0,GPS1_FRAME,42.33668899536133,-71.09004211425781,1.2000000476837158,0.0,4689275.0,327819.5625,0.0,19,T
1675632468.2621222,0,77268,0,GPS1_FRAME,42.33668899536133,-71.09004211425781,1.2000000476837158,0.0,4689275.0,327819.5625,0.0,19,T
1675632469.2638617,0,77269,0,GPS1_FRAME,42.33668899536133,-71.09004211425781,1.2000000476837158,0.0,4689275.0,327819.5625,0.0,19,T
1675632470.26196,0,77270,0,GPS1_FRAME,42.33668899536133,-71.09004211425781,1.2000000476837158,0.0,4689275.0,327819.5625,0.0,19,T
1675632471.2615376,0,77271,0,GPS1_FRAME,42.33668899536133,-71.09004211425781,1.2000000476837158,0.0,4689275.0,327819.5625,0.0,19,T
1675632472.2622352,0,77272,0,GPS1_FRAME,42.33668899536133,-71.09004211425781,1.2000000476837158,0.0,4689275.0,327819.5625,0.0,19,T
1675632473.262309,0,77273,0,GPS1_FRAME,42.33668899536133,-71.09004211425781,1.2000000476837158,0.0,4689275.0,327819.5625,0.0,19,T
1675632474.2619438,0,77274,0,GPS1_FRAME,42.33668899536133,-71.09004211425781,1.2000000476837158,0.0,4689275.0,327819.5625,0.0,19,T
1675632475.2633712,0,77275,0,GPS1_FRAME,42.33668899536133,-71.09004211425781,1.2000000476837158,0.0,4689275.0,327819.40625,0.0,19,T
1675632476.2614472,0,77276,0,GPS1_FRAME,42.33668899536133,-71.09004211425781,1.2000000476837158,0.0,4689275.0,327819.40625,0.0,19,T
1675632477.2610023,0,77277,0,GPS1_FRAME,42.33668899536133,-71.09004211425781,1.2000000476837158,0.0,4689275.0,327819.40625,0.0,19,T
1675632478.2624066,0,77278,0,GPS1_FRAME,42.33668899536133,-71.09004211425781,1.2000000476837158,0.0,4689275.0,327819.40625,0.0,19,T
1675632479.2615147,0,77279,0,GPS1_FRAME,42.33668899536133,-71.09004211425781,1.2000000476837158,0.0,4689275.0,327819.40625,0.0,19,T
1675632480.277706,0,77280,0,GPS1_FRAME,42.33668899536133,-71.09004211425781,1.2000000476837158,0.0,4689275.0,327819.40625,0.0,19,T
1675632481.2617664,0,77281,0,GPS1_FRAME,42.33668899536133,-71.09004211425781,1.2000000476837158,0.0,4689275.0,327819.40625,0.0,19,T
1675632482.2611885,0,77282,0,GPS1_FRAME,42.33668899536133,-71.09004211425781,1.2000000476837158,0.0,4689275.0,327819.40625,0.0,19,T
1675632483.2763999,0,77283,0,GPS1_FRAME,42.336692810058594,-71.09004211425781,1.2999999523162842,0.0,4689275.5,327819.4375,0.0,19,T
1675632484.2597067,0,77284,0,GPS1_FRAME,42.336692810058594,-71.09004211425781,1.2999999523162842,0.0,4689275.5,327819.4375,0.0,19,T
1675632485.2621565,0,77285,0,GPS1_FRAME,42.336692810058594,-71.09004211425781,1.2000000476837158,0.0,4689275.5,327819.4375,0.0,19,T
1675632486.2630591,0,77286,0,GPS1_FRAME,42.336692810058594,-71.09004211425781,1.2000000476837158,0.0,4689275.5,327819.4375,0.0,19,T
1675632487.2632666,0,77287,0,GPS1_FRAME,42.336692810058594,-71.09004211425781,1.2000000476837158,0.0,4689275.5,327819.4375,0.0,19,T
1675632488.2625792,0,77288,0,GPS1_FRAME,42.336692810058594,-71.09004211425781,1.2000000476837158,0.0,4689275.5,327819.4375,0.0,19,T
1675632489.2604752,0,77289,0,GPS1_FRAME,42.336692810058594,-71.09004211425781,1.2000000476837158,0.0,4689275.5,327819.4375,0.0,19,T
1675632490.262315,0,77290,0,GPS1_FRAME,42.336692810058594,-71.09004211425781,1.2000000476837158,0.0,4689275.5,327819.4375,0.0,19,T
1675632491.2614198,0,77291,0,GPS1_FRAME,42.336692810058594,-71.09004211425781,1.2000000476837158,0.0,4689275.5,327819.4375,0.0,19,T
1675632492.261884,0,77292,0,GPS1_FRAME,42.336692810058594,-71.09004211425781,1.2000000476837158,0.0,4689275.5,327819.4375,0.0,19,T
1675632493.2625453,0,77293,0,GPS1_FRAME,42.336692810058594,-71.09004211425781,1.2000000476837158,0.0,4689275.5,327819.4375,0.0,19,T
1675632494.2609053,0,77294,0,GPS1_FRAME,42.336692810058594,-71.09004211425781,1.2000000476837158,0.0,4689275.5,327819.4375,0.0,19,T
1675632495.2620335,0,77295,0,GPS1_FRAME,42.336692810058594,-71.09004211425781,1.2000000476837158,0.0,4689275.5,327819.4375,0.0,19,T
1675632496.2603788,0,77296,0,GPS1_FRAME,42.336692810058594,-71.09004211425781,1.2000000476837158,0.0,4689275.5,327819.4375,0.0,19,T
1675632497.259678,0,77297,0,GPS1_FRAME,42.336692810058594,-71.09004211425781,1.2999999523162842,0.0,4689275.5,327819.4375,0.0,19,T
1675632498.2759607,0,77298,0,GPS1_FRAME,42.336692810058594,-71.09004211425781,1.2999999523162842,0.0,4689275.5,327819.4375,0.0,19,T
1675632499.259619,0,77299,0,GPS1_FRAME,42.336692810058594,-71.09004211425781,1.2999999523162842,0.0,4689275.5,327819.4375,0.0,19,T
1675632500.2601566,0,77300,0,GPS1_FRAME,42.336692810058594,-71.09004211425781,1.2999999523162842,0.0,4689275.5,327819.4375,0.0,19,T
1675632501.2585294,0,77301,0,GPS1_FRAME,42.336692810058594,-71.09004211425781,1.2999999523162842,0.0,4689275.5,327819.4375,0.0,19,T
1675632502.2590442,0,77302,0,GPS1_FRAME,42.336692810058594,-71.09004211425781,1.2999999523162842,0.0,4689275.5,327819.4375,0.0,19,T
1675632503.2596788,0,77303,0,GPS1_FRAME,42.336692810058594,-71.09004211425781,1.2999999523162842,0.0,4689275.5,327819.4375,0.0,19,T
1675632504.2600698,0,77304,0,GPS1_FRAME,42.336692810058594,-71.09004211425781,1.2999999523162842,0.0,4689275.5,327819.4375,0.0,19,T
1675632505.2598991,0,77305,0,GPS1_FRAME,42.336692810058594,-71.09004211425781,1.2999999523162842,0.0,4689275.5,327819.4375,0.0,19,T
1675632506.2589023,0,77306,0,GPS1_FRAME,42.336692810058594,-71.09004211425781,1.2999999523162842,0.0,4689275.5,327819.4375,0.0,19,T
1675632507.2592351,0,77307,0,GPS1_FRAME,42.336692810058594,-71.09004211425781,1.2999999523162842,0.0,4689275.5,327819.4375,0.0,19,T
1675632508.2589378,0,77308,0,GPS1_FRAME,42.336692810058594,-71.09004211425781,1.2999999523162842,0.0,4689275.5,327819.4375,0.0,19,T
1675632509.2593987,0,77309,0,GPS1_FRAME,42.336692810058594,-71.09004211425781,1.2999999523162842,0.0,4689275.5,327819.4375,0.0,19,T
1675632510.2592328,0,77310,0,GPS1_FRAME,42.336692810058594,-71.09004211425781,1.2999999523162842,0.0,4689275.5,327819.4375,0.0,19,T
1675632511.2620559,0,77311,0,GPS1_FRAME,42.336692810058594,-71.09004211425781,1.2999999523162842,0.0,4689275.5,327819.4375,0.0,19,T
1675632512.2599947,0,77312,0,GPS1_FRAME,42.336692810058594,-71.09004211425781,1.2999999523162842,0.0,4689275.5,327819.4375,0.0,19,T
1675632513.2603016,0,77313,0,GPS1_FRAME,42.336692810058594,-71.09004211425781,1.2999999523162842,0.0,4689275.5,327819.4375,0.0,19,T
1675632514.2613761,0,77314,0,GPS1_FRAME,42.336692810058594,-71.09004211425781,1.2999999523162842,0.0,4689275.5,327819.4375,0.0,19,T
1675632515.2616024,0,77315,0,GPS1_FRAME,42.336692810058594,-71.09004211425781,1.2999999523162842,0.0,4689275.5,327819.4375,0.0,19,T
1675632516.2619414,0,77316,0,GPS1_FRAME,42.336692810058594,-71.09004211425781,1.2000000476837158,0.0,4689275.5,327819.4375,0.0,19,T
1675632517.2621448,0,77317,0,GPS1_FRAME,42.336692810058594,-71.09004211425781,1.2000000476837158,0.0,4689275.5,327819.4375,0.0,19,T
1675632518.260694,0,77318,0,GPS1_FRAME,42.336692810058594,-71.09004211425781,1.2000000476837158,0.0,4689275.5,327819.4375,0.0,19,T
1675632519.2611187,0,77319,0,GPS1_FRAME,42.336692810058594,-71.09004211425781,1.2000000476837158,0.0,4689275.5,327819.4375,0.0,19,T
1675632520.2627163,0,77320,0,GPS1_FRAME,42.336692810058594,-71.09004211425781,1.2000000476837158,0.0,4689275.5,327819.4375,0.0,19,T
1675632521.2606704,0,77321,0,GPS1_FRAME,42.336692810058594,-71.09004211425781,1.2000000476837158,0.0,4689275.5,327819.4375,0.0,19,T
1675632522.260327,0,77322,0,GPS1_FRAME,42.336692810058594,-71.09004211425781,1.2000000476837158,0.0,4689275.5,327819.4375,0.0,19,T
1675632523.2621744,0,77323,0,GPS1_FRAME,42.336692810058594,-71.09004211425781,1.2000000476837158,0.0,4689275.5,327819.4375,0.0,19,T
1675632524.261764,0,77324,0,GPS1_FRAME,42.336692810058594,-71.09004211425781,1.2000000476837158,0.0,4689275.5,327819.4375,0.0,19,T
1675632525.260458,0,77325,0,GPS1_FRAME,42.336692810058594,-71.09004211425781,1.2000000476837158,0.0,4689275.5,327819.4375,0.0,19,T
1675632526.2617037,0,77326,0,GPS1_FRAME,42.336692810058594,-71.09004211425781,1.2000000476837158,0.0,4689275.5,327819.4375,0.0,19,T
1675632527.2609909,0,77327,0,GPS1_FRAME,42.336692810058594,-71.09004211425781,1.2000000476837158,0.0,4689275.5,327819.4375,0.0,19,T
1675632528.2609975,0,77328,0,GPS1_FRAME,42.336692810058594,-71.09004211425781,1.2000000476837158,0.0,4689275.5,327819.4375,0.0,19,T
1675632529.262626,0,77329,0,GPS1_FRAME,42.336692810058594,-71.09004211425781,1.2000000476837158,0.0,4689275.5,327819.4375,0.0,19,T
1675632530.2785401,0,77330,0,GPS1_FRAME,42.336692810058594,-71.09004211425781,1.2000000476837158,0.0,4689275.5,327819.4375,0.0,19,T
1675632531.2616172,0,77331,0,GPS1_FRAME,42.336692810058594,-71.09004211425781,1.2000000476837158,0.0,4689275.5,327819.4375,0.0,19,T
1675632532.2623284,0,77332,0,GPS1_FRAME,42.336692810058594,-71.09004211425781,1.2000000476837158,0.0,4689275.5,327819.4375,0.0,19,T
1675632533.2838552,0,77333,0,GPS1_FRAME,42.336692810058594,-71.09004211425781,1.2000000476837158,0.0,4689275.5,327819.4375,0.0,19,T
1675632534.2606332,0,77334,0,GPS1_FRAME,42.336692810058594,-71.09004211425781,1.2000000476837158,0.0,4689275.5,327819.4375,0.0,19,T
1675632535.2622185,0,77335,0,GPS1_FRAME,42.336692810058594,-71.09004211425781,1.2000000476837158,0.0,4689275.5,327819.4375,0.0,19,T
1675632536.2615502,0,77336,0,GPS1_FRAME,42.336692810058594,-71.09004211425781,1.2000000476837158,0.0,4689275.5,327819.4375,0.0,19,T
1675632537.2616432,0,77337,0,GPS1_FRAME,42.336692810058594,-71.09004211425781,1.2000000476837158,0.0,4689275.5,327819.4375,0.0,19,T
1675632538.2617667,0,77338,0,GPS1_FRAME,42.336692810058594,-71.09004211425781,1.2000000476837158,0.0,4689275.5,327819.4375,0.0,19,T
1675632539.2607257,0,77339,0,GPS1_FRAME,42.336692810058594,-71.09004211425781,1.2000000476837158,0.0,4689275.5,327819.4375,0.0,19,T
1675632540.262444,0,77340,0,GPS1_FRAME,42.336692810058594,-71.09004211425781,1.2000000476837158,0.0,4689275.5,327819.4375,0.0,19,T
1675632541.2616549,0,77341,0,GPS1_FRAME,42.336692810058594,-71.09004211425781,1.2000000476837158,0.0,4689275.5,327819.4375,0.0,19,T
1675632542.2618072,0,77342,0,GPS1_FRAME,42.336692810058594,-71.09004211425781,1.2000000476837158,0.0,4689275.5,327819.4375,0.0,19,T
1675632543.2617712,0,77343,0,GPS1_FRAME,42.336692810058594,-71.09004211425781,1.2000000476837158,0.0,4689275.5,327819.4375,0.0,19,T
1675632544.2610352,0,77344,0,GPS1_FRAME,42.336692810058594,-71.09004211425781,1.2000000476837158,0.0,4689275.5,327819.4375,0.0,19,T
1675632545.2609391,0,77345,0,GPS1_FRAME,42.336692810058594,-71.09004211425781,1.2000000476837158,0.0,4689275.5,327819.4375,0.0,19,T
1675632546.2577708,0,77346,0,GPS1_FRAME,42.336692810058594,-71.09004211425781,1.2999999523162842,0.0,4689275.5,327819.4375,0.0,19,T
1675632547.260774,0,77347,0,GPS1_FRAME,42.336692810058594,-71.09004211425781,1.2999999523162842,0.0,4689275.5,327819.4375,0.0,19,T
1675632548.2591197,0,77348,0,GPS1_FRAME,42.336692810058594,-71.09004211425781,1.2999999523162842,0.0,4689275.5,327819.4375,0.0,19,T
1675632549.2774758,0,77349,0,GPS1_FRAME,42.336692810058594,-71.09004211425781,1.2999999523162842,0.0,4689275.5,327819.4375,0.0,19,T
1675632550.2598224,0,77350,0,GPS1_FRAME,42.336692810058594,-71.09004211425781,1.2999999523162842,0.0,4689275.5,327819.4375,0.0,19,T
1675632551.2593584,0,77351,0,GPS1_FRAME,42.336692810058594,-71.09004211425781,1.2999999523162842,0.0,4689275.5,327819.4375,0.0,19,T
1675632552.2600145,0,77352,0,GPS1_FRAME,42.336692810058594,-71.09004211425781,1.2999999523162842,0.0,4689275.5,327819.4375,0.0,19,T
1675632553.260504,0,77353,0,GPS1_FRAME,42.336692810058594,-71.09004211425781,1.2999999523162842,0.0,4689275.5,327819.4375,0.0,19,T
1675632554.2595239,0,77354,0,GPS1_FRAME,42.336692810058594,-71.09004211425781,1.2999999523162842,0.0,4689275.5,327819.4375,0.0,19,T
1675632555.2592669,0,77355,0,GPS1_FRAME,42.336692810058594,-71.09004211425781,1.2999999523162842,0.0,4689275.5,327819.4375,0.0,19,T
1675632556.2607095,0,77356,0,GPS1_FRAME,42.336692810058594,-71.09004211425781,1.2999999523162842,0.0,4689275.5,327819.4375,0.0,19,T
1675632557.2599065,0,77357,0,GPS1_FRAME,42.336692810058594,-71.09004211425781,1.2999999523162842,0.0,4689275.5,327819.4375,0.0,19,T
1675632558.2618868,0,77358,0,GPS1_FRAME,42.336692810058594,-71.09004211425781,1.2000000476837158,0.0,4689275.5,327819.4375,0.0,19,T
1675632559.2628112,0,77359,0,GPS1_FRAME,42.336692810058594,-71.09004211425781,1.2000000476837158,0.0,4689275.5,327819.4375,0.0,19,T
1675632560.2618463,0,77360,0,GPS1_FRAME,42.336692810058594,-71.09004211425781,1.2000000476837158,0.0,4689275.5,327819.4375,0.0,19,T
1675632561.2619941,0,77361,0,GPS1_FRAME,42.336692810058594,-71.09004211425781,1.2000000476837158,0.0,4689275.5,327819.4375,0.0,19,T
1675632562.7949035,0,77362,0,GPS1_FRAME,42.336692810058594,-71.09004211425781,1.2000000476837158,0.0,4689275.5,327819.4375,0.0,19,T
1675632563.2625165,0,77363,0,GPS1_FRAME,42.336692810058594,-71.09004211425781,1.2000000476837158,0.0,4689275.5,327819.4375,0.0,19,T
1675632564.2617836,0,77364,0,GPS1_FRAME,42.336692810058594,-71.09004211425781,1.2000000476837158,0.0,4689275.5,327819.4375,0.0,19,T
1675632565.2619178,0,77365,0,GPS1_FRAME,42.336692810058594,-71.09004211425781,1.2000000476837158,0.0,4689275.5,327819.4375,0.0,19,T
1675632566.2611616,0,77366,0,GPS1_FRAME,42.336692810058594,-71.09004211425781,1.2000000476837158,0.0,4689275.5,327819.4375,0.0,19,T
1675632567.261706,0,77367,0,GPS1_FRAME,42.336692810058594,-71.09004211425781,1.2000000476837158,0.0,4689275.5,327819.4375,0.0,19,T
1675632568.2603388,0,77368,0,GPS1_FRAME,42.336692810058594,-71.09004211425781,1.2000000476837158,0.0,4689275.5,327819.4375,0.0,19,T
1675632569.2603936,0,77369,0,GPS1_FRAME,42.336692810058594,-71.09004211425781,1.2000000476837158,0.0,4689275.5,327819.4375,0.0,19,T
1675632570.2586691,0,77370,0,GPS1_FRAME,42.336692810058594,-71.09004211425781,1.2999999523162842,0.0,4689275.5,327819.4375,0.0,19,T
1675632571.261159,0,77371,0,GPS1_FRAME,42.336692810058594,-71.09004211425781,1.2000000476837158,0.0,4689275.5,327819.4375,0.0,19,T
1675632572.260507,0,77372,0,GPS1_FRAME,42.336692810058594,-71.09004211425781,1.2000000476837158,0.0,4689275.5,327819.4375,0.0,19,T
1675632573.2613726,0,77373,0,GPS1_FRAME,42.336692810058594,-71.09004211425781,1.2000000476837158,0.0,4689275.5,327819.4375,0.0,19,T
1675632574.26109,0,77374,0,GPS1_FRAME,42.336692810058594,-71.09004211425781,1.2000000476837158,0.0,4689275.5,327819.4375,0.0,19,T
1675632575.2611573,0,77375,0,GPS1_FRAME,42.336692810058594,-71.09004211425781,1.2000000476837158,0.0,4689275.5,327819.4375,0.0,19,T
1675632576.261319,0,77376,0,GPS1_FRAME,42.336692810058594,-71.09004211425781,1.2000000476837158,0.0,4689275.5,327819.4375,0.0,19,T
1675632577.2618995,0,77377,0,GPS1_FRAME,42.336692810058594,-71.09004211425781,1.2000000476837158,0.0,4689275.5,327819.4375,0.0,19,T
1675632578.2605436,0,77378,0,GPS1_FRAME,42.336692810058594,-71.09004211425781,1.2000000476837158,0.0,4689275.5,327819.4375,0.0,19,T
1675632579.2598305,0,77379,0,GPS1_FRAME,42.336692810058594,-71.09004211425781,1.2000000476837158,0.0,4689275.5,327819.4375,0.0,19,T
1675632580.2617476,0,77380,0,GPS1_FRAME,42.336692810058594,-71.09004211425781,1.2000000476837158,0.0,4689275.5,327819.4375,0.0,19,T
1675632581.277339,0,77381,0,GPS1_FRAME,42.336692810058594,-71.09004211425781,1.2999999523162842,0.0,4689275.5,327819.4375,0.0,19,T
1675632582.2611697,0,77382,0,GPS1_FRAME,42.336692810058594,-71.09004211425781,1.2999999523162842,0.0,4689275.5,327819.4375,0.0,19,T
1675632583.2798426,0,77383,0,GPS1_FRAME,42.336692810058594,-71.09004211425781,1.2999999523162842,0.0,4689275.5,327819.4375,0.0,19,T
1675632584.2625022,0,77384,0,GPS1_FRAME,42.336692810058594,-71.09004211425781,1.2999999523162842,0.0,4689275.5,327819.4375,0.0,19,T
1675632585.2610898,0,77385,0,GPS1_FRAME,42.336692810058594,-71.09004211425781,1.2000000476837158,0.0,4689275.5,327819.4375,0.0,19,T
1675632586.2619884,0,77386,0,GPS1_FRAME,42.336692810058594,-71.09004211425781,1.2000000476837158,0.0,4689275.5,327819.4375,0.0,19,T
1675632587.2624755,0,77387,0,GPS1_FRAME,42.336692810058594,-71.09004211425781,1.2000000476837158,0.0,4689275.5,327819.4375,0.0,19,T
1675632588.2623158,0,77388,0,GPS1_FRAME,42.336692810058594,-71.09004211425781,1.2000000476837158,0.0,4689275.5,327819.28125,0.0,19,T
1675632589.2643523,0,77389,0,GPS1_FRAME,42.336692810058594,-71.09004211425781,1.2000000476837158,0.0,4689275.5,327819.28125,0.0,19,T
1675632590.262312,0,77390,0,GPS1_FRAME,42.336692810058594,-71.09004211425781,1.2000000476837158,0.0,4689275.5,327819.28125,0.0,19,T
1675632591.2614746,0,77391,0,GPS1_FRAME,42.336692810058594,-71.09004211425781,1.2000000476837158,0.0,4689275.5,327819.28125,0.0,19,T
1675632592.262285,0,77392,0,GPS1_FRAME,42.336692810058594,-71.09004211425781,1.2000000476837158,0.0,4689275.5,327819.28125,0.0,19,T
1675632593.2619123,0,77393,0,GPS1_FRAME,42.336692810058594,-71.09004211425781,1.2000000476837158,0.0,4689275.5,327819.28125,0.0,19,T
1675632594.2623823,0,77394,0,GPS1_FRAME,42.336692810058594,-71.09004211425781,1.2000000476837158,0.0,4689275.5,327819.28125,0.0,19,T
1675632595.2617085,0,77395,0,GPS1_FRAME,42.336692810058594,-71.09004211425781,1.2000000476837158,0.0,4689275.5,327819.28125,0.0,19,T
1675632596.26156,0,77396,0,GPS1_FRAME,42.336692810058594,-71.09004211425781,1.2000000476837158,0.0,4689275.5,327819.28125,0.0,19,T
1675632597.2613447,0,77397,0,GPS1_FRAME,42.336692810058594,-71.09004211425781,1.2000000476837158,0.0,4689275.5,327819.28125,0.0,19,T
1675632598.2618625,0,77398,0,GPS1_FRAME,42.336692810058594,-71.09004211425781,1.2000000476837158,0.0,4689275.5,327819.28125,0.0,19,T
1675632599.2610328,0,77399,0,GPS1_FRAME,42.336692810058594,-71.09004211425781,1.2000000476837158,0.0,4689275.5,327819.28125,0.0,19,T
1675632600.2614853,0,77400,0,GPS1_FRAME,42.336692810058594,-71.09004211425781,1.2000000476837158,0.0,4689275.5,327819.28125,0.0,19,T
1675632601.261383,0,77401,0,GPS1_FRAME,42.336692810058594,-71.09004211425781,1.2999999523162842,0.0,4689275.5,327819.28125,0.0,19,T
1675632602.2615528,0,77402,0,GPS1_FRAME,42.336692810058594,-71.09004211425781,1.2999999523162842,0.0,4689275.5,327819.28125,0.0,19,T
1675632603.2780006,0,77403,0,GPS1_FRAME,42.336692810058594,-71.09004211425781,1.2999999523162842,0.0,4689275.5,327819.28125,0.0,19,T
1675632604.261561,0,77404,0,GPS1_FRAME,42.336692810058594,-71.09004211425781,1.2999999523162842,0.0,4689275.5,327819.28125,0.0,19,T
1675632605.261309,0,77405,0,GPS1_FRAME,42.336692810058594,-71.09004211425781,1.2999999523162842,0.0,4689275.5,327819.28125,0.0,19,T
1675632606.2609003,0,77406,0,GPS1_FRAME,42.336692810058594,-71.09004211425781,1.2000000476837158,0.0,4689275.5,327819.28125,0.0,19,T
1675632607.2630184,0,77407,0,GPS1_FRAME,42.336692810058594,-71.09004211425781,1.2000000476837158,0.0,4689275.5,327819.28125,0.0,19,T
1675632608.2609894,0,77408,0,GPS1_FRAME,42.336692810058594,-71.09004211425781,1.2000000476837158,0.0,4689275.5,327819.28125,0.0,19,T
1675632609.2608867,0,77409,0,GPS1_FRAME,42.336692810058594,-71.09004211425781,1.2000000476837158,0.0,4689275.5,327819.28125,0.0,19,T
1675632610.2618048,0,77410,0,GPS1_FRAME,42.336692810058594,-71.09004211425781,1.2000000476837158,0.0,4689275.5,327819.28125,0.0,19,T
1675632611.2610595,0,77411,0,GPS1_FRAME,42.336692810058594,-71.09004211425781,1.2000000476837158,0.0,4689275.5,327819.28125,0.0,19,T
1675632612.2628348,0,77412,0,GPS1_FRAME,42.336692810058594,-71.09004211425781,1.2000000476837158,0.0,4689275.5,327819.28125,0.0,19,T
1675632613.2639706,0,77413,0,GPS1_FRAME,42.336692810058594,-71.09004211425781,1.2000000476837158,0.0,4689275.5,327819.28125,0.0,19,T
1675632614.2617157,0,77414,0,GPS1_FRAME,42.336692810058594,-71.09004211425781,1.2000000476837158,0.0,4689275.5,327819.28125,0.0,19,T
1675632615.2607174,0,77415,0,GPS1_FRAME,42.336692810058594,-71.09004211425781,1.2000000476837158,0.0,4689275.5,327819.28125,0.0,19,T
1675632616.2611043,0,77416,0,GPS1_FRAME,42.33668899536133,-71.09004211425781,1.2000000476837158,0.0,4689275.0,327819.28125,0.0,19,T
